INSERT INTO users (email, full_name, password, role) VALUES ('test1@gmail.com', 'Robert', '$2b$10$skYNjqeufCqB25xbsyU0..B3Po4NytpQb3es47Khdxsynl/biPzXO', 'candidate');
UPDATE users SET summary = 'Hi I am robert, I study aerospace engineering' WHERE email = 'test1@gmail.com';
UPDATE users SET availability = 'weekdays' WHERE email = 'test1@gmail.com';
INSERT INTO previous_roles (user_key, prev_role) VALUES ('test1@gmail.com', 'Intern at tesla for 1 year');
INSERT INTO certifications (user_key, certification) VALUES ('test1@gmail.com', 'Bachelors Degree in aerospace engineering');
INSERT INTO educations (user_key, education) VALUES ('test1@gmail.com', 'University of Melbounre');
INSERT INTO skills (user_key, skill) VALUES ('test1@gmail.com', 'Adaptable');
INSERT INTO languages (user_key, language) VALUES ('test1@gmail.com', 'English');
INSERT INTO languages (user_key, language) VALUES ('test1@gmail.com', 'Spanish');
INSERT INTO users (email, full_name, password, role) VALUES ('test2@gmail.com', 'Dorothy', '$2b$10$skYNjqeufCqB25xbsyU0..B3Po4NytpQb3es47Khdxsynl/biPzXO', 'candidate');
UPDATE users SET summary = 'I am Dorothy I am 20 years old' WHERE email = 'test2@gmail.com';
UPDATE users SET availability = 'part-time' WHERE email = 'test2@gmail.com';
INSERT INTO previous_roles (user_key, prev_role) VALUES ('test2@gmail.com', 'None');
INSERT INTO certifications (user_key, certification) VALUES ('test2@gmail.com', 'Bachelors Degree in Education');
INSERT INTO educations (user_key, education) VALUES ('test2@gmail.com', 'University of Victoria');
INSERT INTO skills (user_key, skill) VALUES ('test2@gmail.com', 'Hard-Working');
INSERT INTO languages (user_key, language) VALUES ('test2@gmail.com', 'English');
INSERT INTO users (email, full_name, password, role) VALUES ('test3@gmail.com', 'Frank', '$2b$10$skYNjqeufCqB25xbsyU0..B3Po4NytpQb3es47Khdxsynl/biPzXO', 'candidate');
UPDATE users SET summary = 'Hello, I am Frank, I like programming' WHERE email = 'test3@gmail.com';
UPDATE users SET availability = 'full-time' WHERE email = 'test3@gmail.com';
INSERT INTO previous_roles (user_key, prev_role) VALUES ('test3@gmail.com', 'Intern at Microsoft');
INSERT INTO certifications (user_key, certification) VALUES ('test3@gmail.com', 'Masters Degress in computer science');
INSERT INTO educations (user_key, education) VALUES ('test3@gmail.com', 'RMIT');
INSERT INTO skills (user_key, skill) VALUES ('test3@gmail.com', 'God at Leetcode');
INSERT INTO languages (user_key, language) VALUES ('test3@gmail.com', 'English');
INSERT INTO languages (user_key, language) VALUES ('test3@gmail.com', 'C++');
INSERT INTO languages (user_key, language) VALUES ('test3@gmail.com', 'Chinese');
INSERT INTO users (email, full_name, password, role) VALUES ('connor@gmail.com', 'Connor', '$2b$10$8C6C.0Ph4SljkgQchNCxuu/BaMwziIA3Uz66S/5rciwtUJflURPlK', 'lecturer');
INSERT INTO users (email, full_name, password, role) VALUES ('will@gmail.com', 'Will', '$2b$10$IVaJqtZuG1oo6xj2lHi/4.20ZWCbYWPgtqA7r0.aBKrxvF699.skq', 'lecturer');